<?xml version="1.0"?>
<!DOCTYPE PRODUCTION_ORDERS [
<!ELEMENT ORDERS (Request_Stores | Order*)>
<!ELEMENT Request_Stores EMPTY>
<!ELEMENT Order (Transform | Unload)>
<!ATTLIST Order
          Number   (CDATA) #REQUIRED
>
<!ELEMENT Transform EMPTY>
<!ATTLIST Transform
          From     (CDATA) #REQUIRED
          To       (CDATA) #REQUIRED
          Quantity (CDATA) #REQUIRED
          Time     (CDATA) #REQUIRED
          MaxDelay (CDATA) #REQUIRED
          Penalty  (CDATA) #REQUIRED
>
<!ELEMENT Unload EMPTY>
<!ATTLIST Unload
          Type        (CDATA) #REQUIRED
          Destination (CDATA) #REQUIRED
          Quantity    (CDATA) #REQUIRED
>
]>
<ORDERS>
<Order Number="101">
<Transform From="P1" To="P5" Quantity="15" Time="0" MaxDelay="250" Penalty="100"/>
</Order>

<Order Number="102">
<Transform From="P5" To="P6" Quantity="16" Time="0" MaxDelay="300" Penalty="100"/>
</Order>
<Order Number="103">
<Transform From="P6" To="P7" Quantity="16" Time="0" MaxDelay="300" Penalty="100"/>
</Order>
</ORDERS>
